[
    {
        "name": "AJRouter",
        "description": "Routes AllJoyn messages for the local AllJoyn clients. If this service is stopped the AllJoyn clients that do not have their own bundled routers will be unable to run.",
        "display_name": "AllJoyn Router Service"
    },
    {
        "name": "ALG",
        "description": "Provides support for 3rd party protocol plug-ins for Internet Connection Sharing",
        "display_name": "Application Layer Gateway Service"
    },
    {
        "name": "AppIDSvc",
        "description": "Determines and verifies the identity of an application. Disabling this service will prevent AppLocker from being enforced.",
        "display_name": "Application Identity"
    },
    {
        "name": "Appinfo",
        "description": "Facilitates the running of interactive applications with additional administrative privileges.  If this service is stopped, users will be unable to launch applications with the additional administrative privileges they may require to perform desired user tasks.",
        "display_name": "Application Information"
    },
    {
        "name": "AppMgmt",
        "description": "Processes installation, removal, and enumeration requests for software deployed through Group Policy. If the service is disabled, users will be unable to install, remove, or enumerate software deployed through Group Policy. If this service is disabled, any services that explicitly depend on it will fail to start.",
        "display_name": "Application Management"
    },
    {
        "name": "AppReadiness",
        "description": "Gets apps ready for use the first time a user signs in to this PC and when adding new apps.",
        "display_name": "App Readiness"
    },
    {
        "name": "AppVClient",
        "description": "Manages App-V users and virtual applications",
        "display_name": "Microsoft App-V Client"
    },
    {
        "name": "AppXSvc",
        "description": "Provides infrastructure support for deploying Store applications. This service is started on demand and if disabled Store applications will not be deployed to the system, and may not function properly.",
        "display_name": "AppX Deployment Service (AppXSVC)"
    },
    {
        "name": "AssignedAccessManagerSvc",
        "description": "AssignedAccessManager Service supports kiosk experience in Windows.",
        "display_name": "AssignedAccessManager Service"
    },
    {
        "name": "atashost",
        "description": "WebEx Support Center.",
        "display_name": "WebEx Service Host for Support Center"
    },
    {
        "name": "AudioEndpointBuilder",
        "description": "Manages audio devices for the Windows Audio service.  If this service is stopped, audio devices and effects will not function properly.  If this service is disabled, any services that explicitly depend on it will fail to start",
        "display_name": "Windows Audio Endpoint Builder"
    },
    {
        "name": "Audiosrv",
        "description": "Manages audio for Windows-based programs.  If this service is stopped, audio devices and effects will not function properly.  If this service is disabled, any services that explicitly depend on it will fail to start",
        "display_name": "Windows Audio"
    },
    {
        "name": "autotimesvc",
        "description": "This service sets time based on NITZ messages from a Mobile Network",
        "display_name": "Cellular Time"
    },
    {
        "name": "AxInstSV",
        "description": "Provides User Account Control validation for the installation of ActiveX controls from the Internet and enables management of ActiveX control installation based on Group Policy settings. This service is started on demand and if disabled the installation of ActiveX controls will behave according to default browser settings.",
        "display_name": "ActiveX Installer (AxInstSV)"
    },
    {
        "name": "BDESVC",
        "description": "BDESVC hosts the BitLocker Drive Encryption service. BitLocker Drive Encryption provides secure startup for the operating system, as well as full volume encryption for OS, fixed or removable volumes. This service allows BitLocker to prompt users for various actions related to their volumes when mounted, and unlocks volumes automatically without user interaction. Additionally, it stores recovery information to Active Directory, if available, and, if necessary, ensures the most recent recovery certificates are used.  Stopping or disabling the service would prevent users from leveraging this functionality.",
        "display_name": "BitLocker Drive Encryption Service"
    },
    {
        "name": "BFE",
        "description": "The Base Filtering Engine (BFE) is a service that manages firewall and Internet Protocol security (IPsec) policies and implements user mode filtering. Stopping or disabling the BFE service will significantly reduce the security of the system. It will also result in unpredictable behavior in IPsec management and firewall applications.",
        "display_name": "Base Filtering Engine"
    },
    {
        "name": "BITS",
        "description": "Transfers files in the background using idle network bandwidth. If the service is disabled, then any applications that depend on BITS, such as Windows Update or MSN Explorer, will be unable to automatically download programs and other information.",
        "display_name": "Background Intelligent Transfer Service"
    },
    {
        "name": "Bonjour Service",
        "description": "Enables hardware devices and software services to automatically configure themselves on the network and advertise their presence.",
        "display_name": "Bonjour Service"
    },
    {
        "name": "BrokerInfrastructure",
        "description": "Windows infrastructure service that controls which background tasks can run on the system.",
        "display_name": "Background Tasks Infrastructure Service"
    },
    {
        "name": "BTAGService",
        "description": "Service supporting the audio gateway role of the Bluetooth Handsfree Profile.",
        "display_name": "Bluetooth Audio Gateway Service"
    },
    {
        "name": "BthAvctpSvc",
        "description": "This is Audio Video Control Transport Protocol service",
        "display_name": "AVCTP service"
    },
    {
        "name": "bthserv",
        "description": "The Bluetooth service supports discovery and association of remote Bluetooth devices.  Stopping or disabling this service may cause already installed Bluetooth devices to fail to operate properly and prevent new devices from being discovered or associated.",
        "display_name": "Bluetooth Support Service"
    },
    {
        "name": "camsvc",
        "description": "Provides facilities for managing UWP apps access to app capabilities as well as checking an app's access to specific app capabilities",
        "display_name": "Capability Access Manager Service"
    },
    {
        "name": "CDPSvc",
        "description": "This service is used for Connected Devices Platform scenarios",
        "display_name": "Connected Devices Platform Service"
    },
    {
        "name": "CertPropSvc",
        "description": "Copies user certificates and root certificates from smart cards into the current user's certificate store, detects when a smart card is inserted into a smart card reader, and, if needed, installs the smart card Plug and Play minidriver.",
        "display_name": "Certificate Propagation"
    },
    {
        "name": "ClipSVC",
        "description": "Provides infrastructure support for the Microsoft Store. This service is started on demand and if disabled applications bought using Windows Store will not behave correctly.",
        "display_name": "Client License Service (ClipSVC)"
    },
    {
        "name": "COMSysApp",
        "description": "Manages the configuration and tracking of Component Object Model (COM)+-based components. If the service is stopped, most COM+-based components will not function properly. If this service is disabled, any services that explicitly depend on it will fail to start.",
        "display_name": "COM+ System Application"
    },
    {
        "name": "CoreMessagingRegistrar",
        "description": "Manages communication between system components.",
        "display_name": "CoreMessaging"
    },
    {
        "name": "cphs",
        "description": "Intel(R) Content Protection HECI Service - enables communication with the Content Protection FW",
        "display_name": "Intel(R) Content Protection HECI Service"
    },
    {
        "name": "cplspcon",
        "description": "Intel(R) Content Protection HDCP Service - enables communication with Content Protection HDCP HW",
        "display_name": "Intel(R) Content Protection HDCP Service"
    },
    {
        "name": "CryptSvc",
        "description": "Provides three management services: Catalog Database Service, which confirms the signatures of Windows files and allows new programs to be installed; Protected Root Service, which adds and removes Trusted Root Certification Authority certificates from this computer; and Automatic Root Certificate Update Service, which retrieves root certificates from Windows Update and enable scenarios such as SSL. If this service is stopped, these management services will not function properly. If this service is disabled, any services that explicitly depend on it will fail to start.",
        "display_name": "Cryptographic Services"
    },
    {
        "name": "CscService",
        "description": "The Offline Files service performs maintenance activities on the Offline Files cache, responds to user logon and logoff events, implements the internals of the public API, and dispatches interesting events to those interested in Offline Files activities and changes in cache state.",
        "display_name": "Offline Files"
    },
    {
        "name": "DcomLaunch",
        "description": "The DCOMLAUNCH service launches COM and DCOM servers in response to object activation requests. If this service is stopped or disabled, programs using COM or DCOM will not function properly. It is strongly recommended that you have the DCOMLAUNCH service running.",
        "display_name": "DCOM Server Process Launcher"
    },
    {
        "name": "defragsvc",
        "description": "Helps the computer run more efficiently by optimizing files on storage drives.",
        "display_name": "Optimize drives"
    },
    {
        "name": "DeviceAssociationService",
        "description": "Enables pairing between the system and wired or wireless devices.",
        "display_name": "Device Association Service"
    },
    {
        "name": "DeviceInstall",
        "description": "Enables a computer to recognize and adapt to hardware changes with little or no user input. Stopping or disabling this service will result in system instability.",
        "display_name": "Device Install Service"
    },
    {
        "name": "DevQueryBroker",
        "description": "Enables apps to discover devices with a backgroud task",
        "display_name": "DevQuery Background Discovery Broker"
    },
    {
        "name": "Dhcp",
        "description": "Registers and updates IP addresses and DNS records for this computer. If this service is stopped, this computer will not receive dynamic IP addresses and DNS updates. If this service is disabled, any services that explicitly depend on it will fail to start.",
        "display_name": "DHCP Client"
    },
    {
        "name": "diagnosticshub.standardcollector.service",
        "description": "Diagnostics Hub Standard Collector Service. When running, this service collects real time ETW events and processes them.",
        "display_name": "Microsoft (R) Diagnostics Hub Standard Collector Service"
    },
    {
        "name": "diagsvc",
        "description": "Executes diagnostic actions for troubleshooting support",
        "display_name": "Diagnostic Execution Service"
    },
    {
        "name": "DiagTrack",
        "description": "The Connected User Experiences and Telemetry service enables features that support in-application and connected user experiences. Additionally, this service manages the event driven collection and transmission of diagnostic and usage information (used to improve the experience and quality of the Windows Platform) when the diagnostics and usage privacy option settings are enabled under Feedback and Diagnostics.",
        "display_name": "Connected User Experiences and Telemetry"
    },
    {
        "name": "DispBrokerDesktopSvc",
        "description": "Manages the connection and configuration of local and remote displays",
        "display_name": "Display Policy Service"
    },
    {
        "name": "DisplayEnhancementService",
        "description": "A service for managing display enhancement such as brightness control.",
        "display_name": "Display Enhancement Service"
    },
    {
        "name": "DmEnrollmentSvc",
        "description": "Performs Device Enrollment Activities for Device Management",
        "display_name": "Device Management Enrollment Service"
    },
    {
        "name": "dmwappushservice",
        "description": "Routes Wireless Application Protocol (WAP) Push messages received by the device and synchronizes Device Management sessions",
        "display_name": "Device Management Wireless Application Protocol (WAP) Push message Routing Service"
    },
    {
        "name": "Dnscache",
        "description": "The DNS Client service (dnscache) caches Domain Name System (DNS) names and registers the full computer name for this computer. If the service is stopped, DNS names will continue to be resolved. However, the results of DNS name queries will not be cached and the computer's name will not be registered. If the service is disabled, any services that explicitly depend on it will fail to start.",
        "display_name": "DNS Client"
    },
    {
        "name": "DoSvc",
        "description": "Performs content delivery optimization tasks",
        "display_name": "Delivery Optimization"
    },
    {
        "name": "dot3svc",
        "description": "The Wired AutoConfig (DOT3SVC) service is responsible for performing IEEE 802.1X authentication on Ethernet interfaces. If your current wired network deployment enforces 802.1X authentication, the DOT3SVC service should be configured to run for establishing Layer 2 connectivity and/or providing access to network resources. Wired networks that do not enforce 802.1X authentication are unaffected by the DOT3SVC service.",
        "display_name": "Wired AutoConfig"
    },
    {
        "name": "DPS",
        "description": "The Diagnostic Policy Service enables problem detection, troubleshooting and resolution for Windows components.  If this service is stopped, diagnostics will no longer function.",
        "display_name": "Diagnostic Policy Service"
    },
    {
        "name": "DsmSvc",
        "description": "Enables the detection, download and installation of device-related software. If this service is disabled, devices may be configured with outdated software, and may not work correctly.",
        "display_name": "Device Setup Manager"
    },
    {
        "name": "DsSvc",
        "description": "Provides data brokering between applications.",
        "display_name": "Data Sharing Service"
    },
    {
        "name": "DusmSvc",
        "description": "Network data usage, data limit, restrict background data, metered networks.",
        "display_name": "Data Usage"
    },
    {
        "name": "Eaphost",
        "description": "The Extensible Authentication Protocol (EAP) service provides network authentication in such scenarios as 802.1x wired and wireless, VPN, and Network Access Protection (NAP).  EAP also provides application programming interfaces (APIs) that are used by network access clients, including wireless and VPN clients, during the authentication process.  If you disable this service, this computer is prevented from accessing networks that require EAP authentication.",
        "display_name": "Extensible Authentication Protocol"
    },
    {
        "name": "EFS",
        "description": "Provides the core file encryption technology used to store encrypted files on NTFS file system volumes. If this service is stopped or disabled, applications will be unable to access encrypted files.",
        "display_name": "Encrypting File System (EFS)"
    },
    {
        "name": "embeddedmode",
        "description": "The Embedded Mode service enables scenarios related to Background Applications.  Disabling this service will prevent Background Applications from being activated.",
        "display_name": "Embedded Mode"
    },
    {
        "name": "EntAppSvc",
        "description": "Enables enterprise application management.",
        "display_name": "Enterprise App Management Service"
    },
    {
        "name": "EventLog",
        "description": "This service manages events and event logs. It supports logging events, querying events, subscribing to events, archiving event logs, and managing event metadata. It can display events in both XML and plain text format. Stopping this service may compromise security and reliability of the system.",
        "display_name": "Windows Event Log"
    },
    {
        "name": "EventSystem",
        "description": "Supports System Event Notification Service (SENS), which provides automatic distribution of events to subscribing Component Object Model (COM) components. If the service is stopped, SENS will close and will not be able to provide logon and logoff notifications. If this service is disabled, any services that explicitly depend on it will fail to start.",
        "display_name": "COM+ Event System"
    },
    {
        "name": "Fax",
        "description": "Enables you to send and receive faxes, utilizing fax resources available on this computer or on the network.",
        "display_name": "Fax"
    },
    {
        "name": "fdPHost",
        "description": "The FDPHOST service hosts the Function Discovery (FD) network discovery providers. These FD providers supply network discovery services for the Simple Services Discovery Protocol (SSDP) and Web Services \u2013 Discovery (WS-D) protocol. Stopping or disabling the FDPHOST service will disable network discovery for these protocols when using FD. When this service is unavailable, network services using FD and relying on these discovery protocols will be unable to find network devices or resources.",
        "display_name": "Function Discovery Provider Host"
    },
    {
        "name": "FDResPub",
        "description": "Publishes this computer and resources attached to this computer so they can be discovered over the network.  If this service is stopped, network resources will no longer be published and they will not be discovered by other computers on the network.",
        "display_name": "Function Discovery Resource Publication"
    },
    {
        "name": "fhsvc",
        "description": "Protects user files from accidental loss by copying them to a backup location",
        "display_name": "File History Service"
    },
    {
        "name": "FontCache",
        "description": "Optimizes performance of applications by caching commonly used font data. Applications will start this service if it is not already running. It can be disabled, though doing so will degrade application performance.",
        "display_name": "Windows Font Cache Service"
    },
    {
        "name": "FrameServer",
        "description": "Enables multiple clients to access video frames from camera devices.",
        "display_name": "Windows Camera Frame Server"
    },
    {
        "name": "GoogleChromeElevationService",
        "description": "",
        "display_name": "Google Chrome Elevation Service"
    },
    {
        "name": "gpsvc",
        "description": "The service is responsible for applying settings configured by administrators for the computer and users through the Group Policy component. If the service is disabled, the settings will not be applied and applications and components will not be manageable through Group Policy. Any components or applications that depend on the Group Policy component might not be functional if the service is disabled.",
        "display_name": "Group Policy Client"
    },
    {
        "name": "GraphicsPerfSvc",
        "description": "Graphics performance monitor service",
        "display_name": "GraphicsPerfSvc"
    },
    {
        "name": "hidserv",
        "description": "Activates and maintains the use of hot buttons on keyboards, remote controls, and other multimedia devices. It is recommended that you keep this service running.",
        "display_name": "Human Interface Device Service"
    },
    {
        "name": "hns",
        "description": "Provides support for Windows Virtual Networks.",
        "display_name": "Host Network Service"
    },
    {
        "name": "HvHost",
        "description": "Provides an interface for the Hyper-V hypervisor to provide per-partition performance counters to the host operating system.",
        "display_name": "HV Host Service"
    },
    {
        "name": "ibtsiva",
        "description": "Intel(R) Wireless Bluetooth(R) iBtSiva Service",
        "display_name": "Intel Bluetooth Service"
    },
    {
        "name": "icssvc",
        "description": "Provides the ability to share a cellular data connection with another device.",
        "display_name": "Windows Mobile Hotspot Service"
    },
    {
        "name": "IKEEXT",
        "description": "The IKEEXT service hosts the Internet Key Exchange (IKE) and Authenticated Internet Protocol (AuthIP) keying modules. These keying modules are used for authentication and key exchange in Internet Protocol security (IPsec). Stopping or disabling the IKEEXT service will disable IKE and AuthIP key exchange with peer computers. IPsec is typically configured to use IKE or AuthIP; therefore, stopping or disabling the IKEEXT service might result in an IPsec failure and might compromise the security of the system. It is strongly recommended that you have the IKEEXT service running.",
        "display_name": "IKE and AuthIP IPsec Keying Modules"
    },
    {
        "name": "InstallService",
        "description": "Provides infrastructure support for the Microsoft Store.  This service is started on demand and if disabled then installations will not function properly.",
        "display_name": "Microsoft Store Install Service"
    },
    {
        "name": "iphlpsvc",
        "description": "Provides tunnel connectivity using IPv6 transition technologies (6to4, ISATAP, Port Proxy, and Teredo), and IP-HTTPS. If this service is stopped, the computer will not have the enhanced connectivity benefits that these technologies offer.",
        "display_name": "IP Helper"
    },
    {
        "name": "IpxlatCfgSvc",
        "description": "Configures and enables translation from v4 to v6 and vice versa",
        "display_name": "IP Translation Configuration Service"
    },
    {
        "name": "KeyIso",
        "description": "The CNG key isolation service is hosted in the LSA process. The service provides key process isolation to private keys and associated cryptographic operations as required by the Common Criteria. The service stores and uses long-lived keys in a secure process complying with Common Criteria requirements.",
        "display_name": "CNG Key Isolation"
    },
    {
        "name": "KtmRm",
        "description": "Coordinates transactions between the Distributed Transaction Coordinator (MSDTC) and the Kernel Transaction Manager (KTM). If it is not needed, it is recommended that this service remain stopped. If it is needed, both MSDTC and KTM will start this service automatically. If this service is disabled, any MSDTC transaction interacting with a Kernel Resource Manager will fail and any services that explicitly depend on it will fail to start.",
        "display_name": "KtmRm for Distributed Transaction Coordinator"
    },
    {
        "name": "LanmanServer",
        "description": "Supports file, print, and named-pipe sharing over the network for this computer. If this service is stopped, these functions will be unavailable. If this service is disabled, any services that explicitly depend on it will fail to start.",
        "display_name": "Server"
    },
    {
        "name": "LanmanWorkstation",
        "description": "Creates and maintains client network connections to remote servers using the SMB protocol. If this service is stopped, these connections will be unavailable. If this service is disabled, any services that explicitly depend on it will fail to start.",
        "display_name": "Workstation"
    },
    {
        "name": "lfsvc",
        "description": "This service monitors the current location of the system and manages geofences (a geographical location with associated events).  If you turn off this service, applications will be unable to use or receive notifications for geolocation or geofences.",
        "display_name": "Geolocation Service"
    },
    {
        "name": "LicenseManager",
        "description": "Provides infrastructure support for the Microsoft Store.  This service is started on demand and if disabled then content acquired through the Microsoft Store will not function properly.",
        "display_name": "Windows License Manager Service"
    },
    {
        "name": "lltdsvc",
        "description": "Creates a Network Map, consisting of PC and device topology (connectivity) information, and metadata describing each PC and device.  If this service is disabled, the Network Map will not function properly.",
        "display_name": "Link-Layer Topology Discovery Mapper"
    },
    {
        "name": "lmhosts",
        "description": "Provides support for the NetBIOS over TCP/IP (NetBT) service and NetBIOS name resolution for clients on the network, therefore enabling users to share files, print, and log on to the network. If this service is stopped, these functions might be unavailable. If this service is disabled, any services that explicitly depend on it will fail to start.",
        "display_name": "TCP/IP NetBIOS Helper"
    },
    {
        "name": "LSM",
        "description": "Core Windows Service that manages local user sessions. Stopping or disabling this service will result in system instability.",
        "display_name": "Local Session Manager"
    },
    {
        "name": "LxpSvc",
        "description": "Provides infrastructure support for deploying and configuring localized Windows resources. This service is started on demand and, if disabled, additional Windows languages will not be deployed to the system, and Windows may not function properly.",
        "display_name": "Language Experience Service"
    },
    {
        "name": "LxssManager",
        "description": "The LXSS Manager service supports running native ELF binaries. The service provides the infrastructure necessary for ELF binaries to run on Windows. If the service is stopped or disabled, those binaries will no longer run.",
        "display_name": "LxssManager"
    },
    {
        "name": "MapsBroker",
        "description": "Windows service for application access to downloaded maps. This service is started on-demand by application accessing downloaded maps. Disabling this service will prevent apps from accessing maps.",
        "display_name": "Downloaded Maps Manager"
    },
    {
        "name": "mpssvc",
        "description": "Windows Defender Firewall helps protect your computer by preventing unauthorized users from gaining access to your computer through the Internet or a network.",
        "display_name": "Windows Defender Firewall"
    },
    {
        "name": "MSDTC",
        "description": "Coordinates transactions that span multiple resource managers, such as databases, message queues, and file systems. If this service is stopped, these transactions will fail. If this service is disabled, any services that explicitly depend on it will fail to start.",
        "display_name": "Distributed Transaction Coordinator"
    },
    {
        "name": "MSiSCSI",
        "description": "Manages Internet SCSI (iSCSI) sessions from this computer to remote iSCSI target devices. If this service is stopped, this computer will not be able to login or access iSCSI targets. If this service is disabled, any services that explicitly depend on it will fail to start.",
        "display_name": "Microsoft iSCSI Initiator Service"
    },
    {
        "name": "msiserver",
        "description": "Adds, modifies, and removes applications provided as a Windows Installer (*.msi, *.msp) package. If this service is disabled, any services that explicitly depend on it will fail to start.",
        "display_name": "Windows Installer"
    },
    {
        "name": "NaturalAuthentication",
        "description": "Signal aggregator service, that evaluates signals based on time, network, geolocation, bluetooth and cdf factors. Supported features are Device Unlock, Dynamic Lock and Dynamo MDM policies",
        "display_name": "Natural Authentication"
    },
    {
        "name": "NcaSvc",
        "description": "Provides DirectAccess status notification for UI components",
        "display_name": "Network Connectivity Assistant"
    },
    {
        "name": "NcbService",
        "description": "Brokers connections that allow Windows Store Apps to receive notifications from the internet.",
        "display_name": "Network Connection Broker"
    },
    {
        "name": "NcdAutoSetup",
        "description": "Network Connected Devices Auto-Setup service monitors and installs qualified devices that connect to a qualified network. Stopping or disabling this service will prevent Windows from discovering and installing qualified network connected devices automatically. Users can still manually add network connected devices to a PC through the user interface.",
        "display_name": "Network Connected Devices Auto-Setup"
    },
    {
        "name": "Net Driver HPZ12",
        "description": "",
        "display_name": "Net Driver HPZ12"
    },
    {
        "name": "Netlogon",
        "description": "Maintains a secure channel between this computer and the domain controller for authenticating users and services. If this service is stopped, the computer may not authenticate users and services and the domain controller cannot register DNS records. If this service is disabled, any services that explicitly depend on it will fail to start.",
        "display_name": "Netlogon"
    },
    {
        "name": "Netman",
        "description": "Manages objects in the Network and Dial-Up Connections folder, in which you can view both local area network and remote connections.",
        "display_name": "Network Connections"
    },
    {
        "name": "netprofm",
        "description": "Identifies the networks to which the computer has connected, collects and stores properties for these networks, and notifies applications when these properties change.",
        "display_name": "Network List Service"
    },
    {
        "name": "NetSetupSvc",
        "description": "The Network Setup Service manages the installation of network drivers and permits the configuration of low-level network settings.  If this service is stopped, any driver installations that are in-progress may be cancelled.",
        "display_name": "Network Setup Service"
    },
    {
        "name": "NetTcpPortSharing",
        "description": "Provides ability to share TCP ports over the net.tcp protocol.",
        "display_name": "Net.Tcp Port Sharing Service"
    },
    {
        "name": "NgcCtnrSvc",
        "description": "Manages local user identity keys used to authenticate user to identity providers as well as TPM virtual smart cards. If this service is disabled, local user identity keys and TPM virtual smart cards will not be accessible. It is recommended that you do not reconfigure this service.",
        "display_name": "Microsoft Passport Container"
    },
    {
        "name": "NgcSvc",
        "description": "Provides process isolation for cryptographic keys used to authenticate to a user\u2019s associated identity providers. If this service is disabled, all uses and management of these keys will not be available, which includes machine logon and single-sign on for apps and websites. This service starts and stops automatically. It is recommended that you do not reconfigure this service.",
        "display_name": "Microsoft Passport"
    },
    {
        "name": "NlaSvc",
        "description": "Collects and stores configuration information for the network and notifies programs when this information is modified. If this service is stopped, configuration information might be unavailable. If this service is disabled, any services that explicitly depend on it will fail to start.",
        "display_name": "Network Location Awareness"
    },
    {
        "name": "nsi",
        "description": "This service delivers network notifications (e.g. interface addition/deleting etc) to user mode clients. Stopping this service will cause loss of network connectivity. If this service is disabled, any other services that explicitly depend on this service will fail to start.",
        "display_name": "Network Store Interface Service"
    },
    {
        "name": "nvagent",
        "description": "Provides network virtualization services.",
        "display_name": "Network Virtualization Service"
    },
    {
        "name": "OpenVPNService",
        "description": "",
        "display_name": "OpenVPNService"
    },
    {
        "name": "OpenVPNServiceInteractive",
        "description": "",
        "display_name": "OpenVPN Interactive Service"
    },
    {
        "name": "OpenVPNServiceLegacy",
        "description": "",
        "display_name": "OpenVPN Legacy Service"
    },
    {
        "name": "ose64",
        "description": "Saves installation files used for updates and repairs and is required for the downloading of Setup updates and Watson error reports.",
        "display_name": "Office 64 Source Engine"
    },
    {
        "name": "p2pimsvc",
        "description": "Provides identity services for the Peer Name Resolution Protocol (PNRP) and Peer-to-Peer Grouping services.  If disabled, the Peer Name Resolution Protocol (PNRP) and Peer-to-Peer Grouping services may not function, and some applications, such as HomeGroup and Remote Assistance, may not function correctly.",
        "display_name": "Peer Networking Identity Manager"
    },
    {
        "name": "p2psvc",
        "description": "Enables multi-party communication using Peer-to-Peer Grouping.  If disabled, some applications, such as HomeGroup, may not function.",
        "display_name": "Peer Networking Grouping"
    },
    {
        "name": "PcaSvc",
        "description": "This service provides support for the Program Compatibility Assistant (PCA).  PCA monitors programs installed and run by the user and detects known compatibility problems. If this service is stopped, PCA will not function properly.",
        "display_name": "Program Compatibility Assistant Service"
    },
    {
        "name": "PeerDistSvc",
        "description": "This service caches network content from peers on the local subnet.",
        "display_name": "BranchCache"
    },
    {
        "name": "perceptionsimulation",
        "description": "Enables spatial perception simulation, virtual camera management and spatial input simulation.",
        "display_name": "Windows Perception Simulation Service"
    },
    {
        "name": "PerfHost",
        "description": "Enables remote users and 64-bit processes to query performance counters provided by 32-bit DLLs. If this service is stopped, only local users and 32-bit processes will be able to query performance counters provided by 32-bit DLLs.",
        "display_name": "Performance Counter DLL Host"
    },
    {
        "name": "PhoneSvc",
        "description": "Manages the telephony state on the device",
        "display_name": "Phone Service"
    },
    {
        "name": "pla",
        "description": "Performance Logs and Alerts Collects performance data from local or remote computers based on preconfigured schedule parameters, then writes the data to a log or triggers an alert. If this service is stopped, performance information will not be collected. If this service is disabled, any services that explicitly depend on it will fail to start.",
        "display_name": "Performance Logs & Alerts"
    },
    {
        "name": "PlugPlay",
        "description": "Enables a computer to recognize and adapt to hardware changes with little or no user input. Stopping or disabling this service will result in system instability.",
        "display_name": "Plug and Play"
    },
    {
        "name": "Pml Driver HPZ12",
        "description": "",
        "display_name": "Pml Driver HPZ12"
    },
    {
        "name": "PNRPAutoReg",
        "description": "This service publishes a machine name using the Peer Name Resolution Protocol.  Configuration is managed via the netsh context 'p2p pnrp peer' ",
        "display_name": "PNRP Machine Name Publication Service"
    },
    {
        "name": "PNRPsvc",
        "description": "Enables serverless peer name resolution over the Internet using the Peer Name Resolution Protocol (PNRP). If disabled, some peer-to-peer and collaborative applications, such as Remote Assistance, may not function.",
        "display_name": "Peer Name Resolution Protocol"
    },
    {
        "name": "PolicyAgent",
        "description": "Internet Protocol security (IPsec) supports network-level peer authentication, data origin authentication, data integrity, data confidentiality (encryption), and replay protection.  This service enforces IPsec policies created through the IP Security Policies snap-in or the command-line tool \"netsh ipsec\".  If you stop this service, you may experience network connectivity issues if your policy requires that connections use IPsec.  Also,remote management of Windows Defender Firewall is not available when this service is stopped.",
        "display_name": "IPsec Policy Agent"
    },
    {
        "name": "Power",
        "description": "Manages power policy and power policy notification delivery.",
        "display_name": "Power"
    },
    {
        "name": "PrintNotify",
        "description": "This service opens custom printer dialog boxes and handles notifications from a remote print server or a printer. If you turn off this service, you won\u2019t be able to see printer extensions or notifications.",
        "display_name": "Printer Extensions and Notifications"
    },
    {
        "name": "ProfSvc",
        "description": "This service is responsible for loading and unloading user profiles. If this service is stopped or disabled, users will no longer be able to successfully sign in or sign out, apps might have problems getting to users' data, and components registered to receive profile event notifications won't receive them.",
        "display_name": "User Profile Service"
    },
    {
        "name": "PushToInstall",
        "description": "Provides infrastructure support for the Microsoft Store.  This service is started automatically and if disabled then remote installations will not function properly.",
        "display_name": "Windows PushToInstall Service"
    },
    {
        "name": "QWAVE",
        "description": "Quality Windows Audio Video Experience (qWave) is a networking platform for Audio Video (AV) streaming applications on IP home networks. qWave enhances AV streaming performance and reliability by ensuring network quality-of-service (QoS) for AV applications. It provides mechanisms for admission control, run time monitoring and enforcement, application feedback, and traffic prioritization.",
        "display_name": "Quality Windows Audio Video Experience"
    },
    {
        "name": "RasAuto",
        "description": "Creates a connection to a remote network whenever a program references a remote DNS or NetBIOS name or address.",
        "display_name": "Remote Access Auto Connection Manager"
    },
    {
        "name": "RasMan",
        "description": "Manages dial-up and virtual private network (VPN) connections from this computer to the Internet or other remote networks. If this service is disabled, any services that explicitly depend on it will fail to start.",
        "display_name": "Remote Access Connection Manager"
    },
    {
        "name": "RemoteAccess",
        "description": "Offers routing services to businesses in local area and wide area network environments.",
        "display_name": "Routing and Remote Access"
    },
    {
        "name": "RemoteRegistry",
        "description": "Enables remote users to modify registry settings on this computer. If this service is stopped, the registry can be modified only by users on this computer. If this service is disabled, any services that explicitly depend on it will fail to start.",
        "display_name": "Remote Registry"
    },
    {
        "name": "RetailDemo",
        "description": "The Retail Demo service controls device activity while the device is in retail demo mode.",
        "display_name": "Retail Demo Service"
    },
    {
        "name": "RmSvc",
        "description": "Radio Management and Airplane Mode Service",
        "display_name": "Radio Management Service"
    },
    {
        "name": "RpcEptMapper",
        "description": "Resolves RPC interfaces identifiers to transport endpoints. If this service is stopped or disabled, programs using Remote Procedure Call (RPC) services will not function properly.",
        "display_name": "RPC Endpoint Mapper"
    },
    {
        "name": "RpcLocator",
        "description": "In Windows 2003 and earlier versions of Windows, the Remote Procedure Call (RPC) Locator service manages the RPC name service database. In Windows Vista and later versions of Windows, this service does not provide any functionality and is present for application compatibility.",
        "display_name": "Remote Procedure Call (RPC) Locator"
    },
    {
        "name": "RpcSs",
        "description": "The RPCSS service is the Service Control Manager for COM and DCOM servers. It performs object activations requests, object exporter resolutions and distributed garbage collection for COM and DCOM servers. If this service is stopped or disabled, programs using COM or DCOM will not function properly. It is strongly recommended that you have the RPCSS service running.",
        "display_name": "Remote Procedure Call (RPC)"
    },
    {
        "name": "SamSs",
        "description": "The startup of this service signals other services that the Security Accounts Manager (SAM) is ready to accept requests.  Disabling this service will prevent other services in the system from being notified when the SAM is ready, which may in turn cause those services to fail to start correctly. This service should not be disabled.",
        "display_name": "Security Accounts Manager"
    },
    {
        "name": "SCardSvr",
        "description": "Manages access to smart cards read by this computer. If this service is stopped, this computer will be unable to read smart cards. If this service is disabled, any services that explicitly depend on it will fail to start.",
        "display_name": "Smart Card"
    },
    {
        "name": "ScDeviceEnum",
        "description": "Creates software device nodes for all smart card readers accessible to a given session. If this service is disabled, WinRT APIs will not be able to enumerate smart card readers.",
        "display_name": "Smart Card Device Enumeration Service"
    },
    {
        "name": "Schedule",
        "description": "Enables a user to configure and schedule automated tasks on this computer. The service also hosts multiple Windows system-critical tasks. If this service is stopped or disabled, these tasks will not be run at their scheduled times. If this service is disabled, any services that explicitly depend on it will fail to start.",
        "display_name": "Task Scheduler"
    },
    {
        "name": "SCPolicySvc",
        "description": "Allows the system to be configured to lock the user desktop upon smart card removal.",
        "display_name": "Smart Card Removal Policy"
    },
    {
        "name": "SDRSVC",
        "description": "Provides Windows Backup and Restore capabilities.",
        "display_name": "Windows Backup"
    },
    {
        "name": "seclogon",
        "description": "Enables starting processes under alternate credentials. If this service is stopped, this type of logon access will be unavailable. If this service is disabled, any services that explicitly depend on it will fail to start.",
        "display_name": "Secondary Logon"
    },
    {
        "name": "SecurityHealthService",
        "description": "Windows Security Service handles unified device protection and health information",
        "display_name": "Windows Security Service"
    },
    {
        "name": "SEMgrSvc",
        "description": "Manages payments and Near Field Communication (NFC) based secure elements.",
        "display_name": "Payments and NFC/SE Manager"
    },
    {
        "name": "SENS",
        "description": "Monitors system events and notifies subscribers to COM+ Event System of these events.",
        "display_name": "System Event Notification Service"
    },
    {
        "name": "Sense",
        "description": "Windows Defender Advanced Threat Protection service helps protect against advanced threats by monitoring and reporting security events that happen on the computer.",
        "display_name": "Windows Defender Advanced Threat Protection Service"
    },
    {
        "name": "SensorDataService",
        "description": "Delivers data from a variety of sensors",
        "display_name": "Sensor Data Service"
    },
    {
        "name": "SensorService",
        "description": "A service for sensors that manages different sensors' functionality. Manages Simple Device Orientation (SDO) and History for sensors. Loads the SDO sensor that reports device orientation changes.  If this service is stopped or disabled, the SDO sensor will not be loaded and so auto-rotation will not occur. History collection from Sensors will also be stopped.",
        "display_name": "Sensor Service"
    },
    {
        "name": "SensrSvc",
        "description": "Monitors various sensors in order to expose data and adapt to system and user state.  If this service is stopped or disabled, the display brightness will not adapt to lighting conditions. Stopping this service may affect other system functionality and features as well.",
        "display_name": "Sensor Monitoring Service"
    },
    {
        "name": "SessionEnv",
        "description": "Remote Desktop Configuration service (RDCS) is responsible for all Remote Desktop Services and Remote Desktop related configuration and session maintenance activities that require SYSTEM context. These include per-session temporary folders, RD themes, and RD certificates.",
        "display_name": "Remote Desktop Configuration"
    },
    {
        "name": "SgrmBroker",
        "description": "Monitors and attests to the integrity of the Windows platform.",
        "display_name": "System Guard Runtime Monitor Broker"
    },
    {
        "name": "SharedAccess",
        "description": "Provides network address translation, addressing, name resolution and/or intrusion prevention services for a home or small office network.",
        "display_name": "Internet Connection Sharing (ICS)"
    },
    {
        "name": "SharedRealitySvc",
        "description": "This service is used for Spatial Perception scenarios",
        "display_name": "Spatial Data Service"
    },
    {
        "name": "ShellHWDetection",
        "description": "Provides notifications for AutoPlay hardware events.",
        "display_name": "Shell Hardware Detection"
    },
    {
        "name": "shpamsvc",
        "description": "Manages profiles and accounts on a SharedPC configured device",
        "display_name": "Shared PC Account Manager"
    },
    {
        "name": "smphost",
        "description": "Host service for the Microsoft Storage Spaces management provider. If this service is stopped or disabled, Storage Spaces cannot be managed.",
        "display_name": "Microsoft Storage Spaces SMP"
    },
    {
        "name": "SmsRouter",
        "description": "Routes messages based on rules to appropriate clients.",
        "display_name": "Microsoft Windows SMS Router Service."
    },
    {
        "name": "SNMPTRAP",
        "description": "Receives trap messages generated by local or remote Simple Network Management Protocol (SNMP) agents and forwards the messages to SNMP management programs running on this computer. If this service is stopped, SNMP-based programs on this computer will not receive SNMP trap messages. If this service is disabled, any services that explicitly depend on it will fail to start.",
        "display_name": "SNMP Trap"
    },
    {
        "name": "spectrum",
        "description": "Enables spatial perception, spatial input, and holographic rendering.",
        "display_name": "Windows Perception Service"
    },
    {
        "name": "Spooler",
        "description": "This service spools print jobs and handles interaction with the printer.  If you turn off this service, you won\u2019t be able to print or see your printers.",
        "display_name": "Print Spooler"
    },
    {
        "name": "sppsvc",
        "description": "Enables the download, installation and enforcement of digital licenses for Windows and Windows applications. If the service is disabled, the operating system and licensed applications may run in a notification mode. It is strongly recommended that you not disable the Software Protection service.",
        "display_name": "Software Protection"
    },
    {
        "name": "SSDPSRV",
        "description": "Discovers networked devices and services that use the SSDP discovery protocol, such as UPnP devices. Also announces SSDP devices and services running on the local computer. If this service is stopped, SSDP-based devices will not be discovered. If this service is disabled, any services that explicitly depend on it will fail to start.",
        "display_name": "SSDP Discovery"
    },
    {
        "name": "ssh-agent",
        "description": "Agent to hold private keys used for public key authentication.",
        "display_name": "OpenSSH Authentication Agent"
    },
    {
        "name": "sshd",
        "description": "SSH protocol based service to provide secure encrypted communications between two untrusted hosts over an insecure network.",
        "display_name": "OpenSSH SSH Server"
    },
    {
        "name": "SstpSvc",
        "description": "Provides support for the Secure Socket Tunneling Protocol (SSTP) to connect to remote computers using VPN. If this service is disabled, users will not be able to use SSTP to access remote servers.",
        "display_name": "Secure Socket Tunneling Protocol Service"
    },
    {
        "name": "StateRepository",
        "description": "Provides required infrastructure support for the application model.",
        "display_name": "State Repository Service"
    },
    {
        "name": "stisvc",
        "description": "Provides image acquisition services for scanners and cameras",
        "display_name": "Windows Image Acquisition (WIA)"
    },
    {
        "name": "StorSvc",
        "description": "Provides enabling services for storage settings and external storage expansion",
        "display_name": "Storage Service"
    },
    {
        "name": "svsvc",
        "description": "Verifies potential file system corruptions.",
        "display_name": "Spot Verifier"
    },
    {
        "name": "swprv",
        "description": "Manages software-based volume shadow copies taken by the Volume Shadow Copy service. If this service is stopped, software-based volume shadow copies cannot be managed. If this service is disabled, any services that explicitly depend on it will fail to start.",
        "display_name": "Microsoft Software Shadow Copy Provider"
    },
    {
        "name": "SynTPEnhService",
        "description": "",
        "display_name": "SynTPEnh Caller Service"
    },
    {
        "name": "SysMain",
        "description": "Maintains and improves system performance over time.",
        "display_name": "SysMain"
    },
    {
        "name": "SystemEventsBroker",
        "description": "Coordinates execution of background work for WinRT application. If this service is stopped or disabled, then background work might not be triggered.",
        "display_name": "System Events Broker"
    },
    {
        "name": "TabletInputService",
        "description": "Enables Touch Keyboard and Handwriting Panel pen and ink functionality",
        "display_name": "Touch Keyboard and Handwriting Panel Service"
    },
    {
        "name": "TapiSrv",
        "description": "Provides Telephony API (TAPI) support for programs that control telephony devices on the local computer and, through the LAN, on servers that are also running the service.",
        "display_name": "Telephony"
    },
    {
        "name": "TermService",
        "description": "Allows users to connect interactively to a remote computer. Remote Desktop and Remote Desktop Session Host Server depend on this service.  To prevent remote use of this computer, clear the checkboxes on the Remote tab of the System properties control panel item.",
        "display_name": "Remote Desktop Services"
    },
    {
        "name": "Themes",
        "description": "Provides user experience theme management.",
        "display_name": "Themes"
    },
    {
        "name": "TieringEngineService",
        "description": "Optimizes the placement of data in storage tiers on all tiered storage spaces in the system.",
        "display_name": "Storage Tiers Management"
    },
    {
        "name": "TimeBrokerSvc",
        "description": "Coordinates execution of background work for WinRT application. If this service is stopped or disabled, then background work might not be triggered.",
        "display_name": "Time Broker"
    },
    {
        "name": "TokenBroker",
        "description": "This service is used by Web Account Manager to provide single-sign-on to apps and services.",
        "display_name": "Web Account Manager"
    },
    {
        "name": "TrkWks",
        "description": "Maintains links between NTFS files within a computer or across computers in a network.",
        "display_name": "Distributed Link Tracking Client"
    },
    {
        "name": "TroubleshootingSvc",
        "description": "Enables automatic mitigation for known problems by applying recommended troubleshooting. If stopped, your device will not get recommended troubleshooting for problems on your device.",
        "display_name": "Recommended Troubleshooting Service"
    },
    {
        "name": "TrustedInstaller",
        "description": "Enables installation, modification, and removal of Windows updates and optional components. If this service is disabled, install or uninstall of Windows updates might fail for this computer.",
        "display_name": "Windows Modules Installer"
    },
    {
        "name": "tzautoupdate",
        "description": "Automatically sets the system time zone.",
        "display_name": "Auto Time Zone Updater"
    },
    {
        "name": "UevAgentService",
        "description": "Provides support for application and OS settings roaming",
        "display_name": "User Experience Virtualization Service"
    },
    {
        "name": "UmRdpService",
        "description": "Allows the redirection of Printers/Drives/Ports for RDP connections",
        "display_name": "Remote Desktop Services UserMode Port Redirector"
    },
    {
        "name": "upnphost",
        "description": "Allows UPnP devices to be hosted on this computer. If this service is stopped, any hosted UPnP devices will stop functioning and no additional hosted devices can be added. If this service is disabled, any services that explicitly depend on it will fail to start.",
        "display_name": "UPnP Device Host"
    },
    {
        "name": "UserManager",
        "description": "User Manager provides the runtime components required for multi-user interaction.  If this service is stopped, some applications may not operate correctly.",
        "display_name": "User Manager"
    },
    {
        "name": "UsoSvc",
        "description": "Manages Windows Updates. If stopped, your devices will not be able to download and install the latest updates.",
        "display_name": "Update Orchestrator Service"
    },
    {
        "name": "VacSvc",
        "description": "Hosts spatial analysis for Mixed Reality audio simulation.",
        "display_name": "Volumetric Audio Compositor Service"
    },
    {
        "name": "VaultSvc",
        "description": "Provides secure storage and retrieval of credentials to users, applications and security service packages.",
        "display_name": "Credential Manager"
    },
    {
        "name": "vds",
        "description": "Provides management services for disks, volumes, file systems, and storage arrays.",
        "display_name": "Virtual Disk"
    },
    {
        "name": "vmcompute",
        "description": "Provides support for running Windows Containers and Virtual Machines.",
        "display_name": "Hyper-V Host Compute Service"
    },
    {
        "name": "vmicguestinterface",
        "description": "Provides an interface for the Hyper-V host to interact with specific services running inside the virtual machine.",
        "display_name": "Hyper-V Guest Service Interface"
    },
    {
        "name": "vmicheartbeat",
        "description": "Monitors the state of this virtual machine by reporting a heartbeat at regular intervals. This service helps you identify running virtual machines that have stopped responding.",
        "display_name": "Hyper-V Heartbeat Service"
    },
    {
        "name": "vmickvpexchange",
        "description": "Provides a mechanism to exchange data between the virtual machine and the operating system running on the physical computer.",
        "display_name": "Hyper-V Data Exchange Service"
    },
    {
        "name": "vmicrdv",
        "description": "Provides a platform for communication between the virtual machine and the operating system running on the physical computer.",
        "display_name": "Hyper-V Remote Desktop Virtualization Service"
    },
    {
        "name": "vmicshutdown",
        "description": "Provides a mechanism to shut down the operating system of this virtual machine from the management interfaces on the physical computer.",
        "display_name": "Hyper-V Guest Shutdown Service"
    },
    {
        "name": "vmictimesync",
        "description": "Synchronizes the system time of this virtual machine with the system time of the physical computer.",
        "display_name": "Hyper-V Time Synchronization Service"
    },
    {
        "name": "vmicvmsession",
        "description": "Provides a mechanism to manage virtual machine with PowerShell via VM session without a virtual network.",
        "display_name": "Hyper-V PowerShell Direct Service"
    },
    {
        "name": "vmicvss",
        "description": "Coordinates the communications that are required to use Volume Shadow Copy Service to back up applications and data on this virtual machine from the operating system on the physical computer.",
        "display_name": "Hyper-V Volume Shadow Copy Requestor"
    },
    {
        "name": "VSS",
        "description": "Manages and implements Volume Shadow Copies used for backup and other purposes. If this service is stopped, shadow copies will be unavailable for backup and the backup may fail. If this service is disabled, any services that explicitly depend on it will fail to start.",
        "display_name": "Volume Shadow Copy"
    },
    {
        "name": "W32Time",
        "description": "Maintains date and time synchronization on all clients and servers in the network. If this service is stopped, date and time synchronization will be unavailable. If this service is disabled, any services that explicitly depend on it will fail to start.",
        "display_name": "Windows Time"
    },
    {
        "name": "WaaSMedicSvc",
        "description": "Enables remediation and protection of Windows Update components.",
        "display_name": "Windows Update Medic Service"
    },
    {
        "name": "WalletService",
        "description": "Hosts objects used by clients of the wallet",
        "display_name": "WalletService"
    },
    {
        "name": "WarpJITSvc",
        "description": "Provides a JIT out of process service for WARP when running with ACG enabled.",
        "display_name": "WarpJITSvc"
    },
    {
        "name": "wbengine",
        "description": "The WBENGINE service is used by Windows Backup to perform backup and recovery operations. If this service is stopped by a user, it may cause the currently running backup or recovery operation to fail. Disabling this service may disable backup and recovery operations using Windows Backup on this computer.",
        "display_name": "Block Level Backup Engine Service"
    },
    {
        "name": "WbioSrvc",
        "description": "The Windows biometric service gives client applications the ability to capture, compare, manipulate, and store biometric data without gaining direct access to any biometric hardware or samples. The service is hosted in a privileged SVCHOST process.",
        "display_name": "Windows Biometric Service"
    },
    {
        "name": "Wcmsvc",
        "description": "Makes automatic connect/disconnect decisions based on the network connectivity options currently available to the PC and enables management of network connectivity based on Group Policy settings.",
        "display_name": "Windows Connection Manager"
    },
    {
        "name": "wcncsvc",
        "description": "WCNCSVC hosts the Windows Connect Now Configuration which is Microsoft's Implementation of Wireless Protected Setup (WPS) protocol. This is used to configure Wireless LAN settings for an Access Point (AP) or a Wireless Device. The service is started programmatically as needed.",
        "display_name": "Windows Connect Now - Config Registrar"
    },
    {
        "name": "WdiServiceHost",
        "description": "The Diagnostic Service Host is used by the Diagnostic Policy Service to host diagnostics that need to run in a Local Service context.  If this service is stopped, any diagnostics that depend on it will no longer function.",
        "display_name": "Diagnostic Service Host"
    },
    {
        "name": "WdiSystemHost",
        "description": "The Diagnostic System Host is used by the Diagnostic Policy Service to host diagnostics that need to run in a Local System context.  If this service is stopped, any diagnostics that depend on it will no longer function.",
        "display_name": "Diagnostic System Host"
    },
    {
        "name": "WdNisSvc",
        "description": "Helps guard against intrusion attempts targeting known and newly discovered vulnerabilities in network protocols",
        "display_name": "Windows Defender Antivirus Network Inspection Service"
    },
    {
        "name": "WebClient",
        "description": "Enables Windows-based programs to create, access, and modify Internet-based files. If this service is stopped, these functions will not be available. If this service is disabled, any services that explicitly depend on it will fail to start.",
        "display_name": "WebClient"
    },
    {
        "name": "Wecsvc",
        "description": "This service manages persistent subscriptions to events from remote sources that support WS-Management protocol. This includes Windows Vista event logs, hardware and IPMI-enabled event sources. The service stores forwarded events in a local Event Log. If this service is stopped or disabled event subscriptions cannot be created and forwarded events cannot be accepted.",
        "display_name": "Windows Event Collector"
    },
    {
        "name": "WEPHOSTSVC",
        "description": "Windows Encryption Provider Host Service brokers encryption related functionalities from 3rd Party Encryption Providers to processes that need to evaluate and apply EAS policies. Stopping this will compromise EAS compliancy checks that have been established by the connected Mail Accounts",
        "display_name": "Windows Encryption Provider Host Service"
    },
    {
        "name": "wercplsupport",
        "description": "This service provides support for viewing, sending and deletion of system-level problem reports for the Problem Reports and Solutions control panel.",
        "display_name": "Problem Reports and Solutions Control Panel Support"
    },
    {
        "name": "WerSvc",
        "description": "Allows errors to be reported when programs stop working or responding and allows existing solutions to be delivered. Also allows logs to be generated for diagnostic and repair services. If this service is stopped, error reporting might not work correctly and results of diagnostic services and repairs might not be displayed.",
        "display_name": "Windows Error Reporting Service"
    },
    {
        "name": "WFDSConMgrSvc",
        "description": "Manages connections to wireless services, including wireless display and docking.",
        "display_name": "Wi-Fi Direct Services Connection Manager Service"
    },
    {
        "name": "WiaRpc",
        "description": "Launches applications associated with still image acquisition events.",
        "display_name": "Still Image Acquisition Events"
    },
    {
        "name": "WinDefend",
        "description": "Helps protect users from malware and other potentially unwanted software",
        "display_name": "Windows Defender Antivirus Service"
    },
    {
        "name": "WinHttpAutoProxySvc",
        "description": "WinHTTP implements the client HTTP stack and provides developers with a Win32 API and COM Automation component for sending HTTP requests and receiving responses. In addition, WinHTTP provides support for auto-discovering a proxy configuration via its implementation of the Web Proxy Auto-Discovery (WPAD) protocol.",
        "display_name": "WinHTTP Web Proxy Auto-Discovery Service"
    },
    {
        "name": "Winmgmt",
        "description": "Provides a common interface and object model to access management information about operating system, devices, applications and services. If this service is stopped, most Windows-based software will not function properly. If this service is disabled, any services that explicitly depend on it will fail to start.",
        "display_name": "Windows Management Instrumentation"
    },
    {
        "name": "WinRM",
        "description": "Windows Remote Management (WinRM) service implements the WS-Management protocol for remote management. WS-Management is a standard web services protocol used for remote software and hardware management. The WinRM service listens on the network for WS-Management requests and processes them. The WinRM Service needs to be configured with a listener using winrm.cmd command line tool or through Group Policy in order for it to listen over the network. The WinRM service provides access to WMI data and enables event collection. Event collection and subscription to events require that the service is running. WinRM messages use HTTP and HTTPS as transports. The WinRM service does not depend on IIS but is preconfigured to share a port with IIS on the same machine.  The WinRM service reserves the /wsman URL prefix. To prevent conflicts with IIS, administrators should ensure that any websites hosted on IIS do not use the /wsman URL prefix.",
        "display_name": "Windows Remote Management (WS-Management)"
    },
    {
        "name": "wisvc",
        "description": "Provides infrastructure support for the Windows Insider Program. This service must remain enabled for the Windows Insider Program to work.",
        "display_name": "Windows Insider Service"
    },
    {
        "name": "WlanSvc",
        "description": "The WLANSVC service provides the logic required to configure, discover, connect to, and disconnect from a wireless local area network (WLAN) as defined by IEEE 802.11 standards. It also contains the logic to turn your computer into a software access point so that other devices or computers can connect to your computer wirelessly using a WLAN adapter that can support this. Stopping or disabling the WLANSVC service will make all WLAN adapters on your computer inaccessible from the Windows networking UI. It is strongly recommended that you have the WLANSVC service running if your computer has a WLAN adapter.",
        "display_name": "WLAN AutoConfig"
    },
    {
        "name": "wlidsvc",
        "description": "Enables user sign-in through Microsoft account identity services. If this service is stopped, users will not be able to logon to the computer with their Microsoft account.",
        "display_name": "Microsoft Account Sign-in Assistant"
    },
    {
        "name": "wlpasvc",
        "description": "This service provides profile management for subscriber identity modules",
        "display_name": "Local Profile Assistant Service"
    },
    {
        "name": "WManSvc",
        "description": "Performs management including Provisioning and Enrollment activities",
        "display_name": "Windows Management Service"
    },
    {
        "name": "wmiApSrv",
        "description": "Provides performance library information from Windows Management Instrumentation (WMI) providers to clients on the network. This service only runs when Performance Data Helper is activated.",
        "display_name": "WMI Performance Adapter"
    },
    {
        "name": "WMPNetworkSvc",
        "description": "Shares Windows Media Player libraries to other networked players and media devices using Universal Plug and Play",
        "display_name": "Windows Media Player Network Sharing Service"
    },
    {
        "name": "workfolderssvc",
        "description": "This service syncs files with the Work Folders server, enabling you to use the files on any of the PCs and devices on which you've set up Work Folders.",
        "display_name": "Work Folders"
    },
    {
        "name": "WpcMonSvc",
        "description": "Enforces parental controls for child accounts in Windows. If this service is stopped or disabled, parental controls may not be enforced.",
        "display_name": "Parental Controls"
    },
    {
        "name": "WPDBusEnum",
        "description": "Enforces group policy for removable mass-storage devices. Enables applications such as Windows Media Player and Image Import Wizard to transfer and synchronize content using removable mass-storage devices.",
        "display_name": "Portable Device Enumerator Service"
    },
    {
        "name": "WpnService",
        "description": "This service runs in session 0 and hosts the notification platform and connection provider which handles the connection between the device and WNS server.",
        "display_name": "Windows Push Notifications System Service"
    },
    {
        "name": "wscsvc",
        "description": "The WSCSVC (Windows Security Center) service monitors and reports security health settings on the computer.  The health settings include firewall (on/off), antivirus (on/off/out of date), antispyware (on/off/out of date), Windows Update (automatically/manually download and install updates), User Account Control (on/off), and Internet settings (recommended/not recommended). The service provides COM APIs for independent software vendors to register and record the state of their products to the Security Center service.  The Security and Maintenance UI uses the service to provide systray alerts and a graphical view of the security health states in the Security and Maintenance control panel.  Network Access Protection (NAP) uses the service to report the security health states of clients to the NAP Network Policy Server to make network quarantine decisions.  The service also has a public API that allows external consumers to programmatically retrieve the aggregated security health state of the system.",
        "display_name": "Security Center"
    },
    {
        "name": "WSearch",
        "description": "Provides content indexing, property caching, and search results for files, e-mail, and other content.",
        "display_name": "Windows Search"
    },
    {
        "name": "wuauserv",
        "description": "Enables the detection, download, and installation of updates for Windows and other programs. If this service is disabled, users of this computer will not be able to use Windows Update or its automatic updating feature, and programs will not be able to use the Windows Update Agent (WUA) API.",
        "display_name": "Windows Update"
    },
    {
        "name": "WwanSvc",
        "description": "This service manages mobile broadband (GSM & CDMA) data card/embedded module adapters and connections by auto-configuring the networks. It is strongly recommended that this service be kept running for best user experience of mobile broadband devices.",
        "display_name": "WWAN AutoConfig"
    },
    {
        "name": "XblAuthManager",
        "description": "Provides authentication and authorization services for interacting with Xbox Live. If this service is stopped, some applications may not operate correctly.",
        "display_name": "Xbox Live Auth Manager"
    },
    {
        "name": "XblGameSave",
        "description": "This service syncs save data for Xbox Live save enabled games.  If this service is stopped, game save data will not upload to or download from Xbox Live.",
        "display_name": "Xbox Live Game Save"
    },
    {
        "name": "XboxGipSvc",
        "description": "This service manages connected Xbox Accessories.",
        "display_name": "Xbox Accessory Management Service"
    },
    {
        "name": "XboxNetApiSvc",
        "description": "This service supports the Windows.Networking.XboxLive application programming interface.",
        "display_name": "Xbox Live Networking Service"
    },
    {
        "name": "YMC",
        "description": "",
        "display_name": "YMC"
    },
    {
        "name": "AarSvc_35b28a",
        "description": "Runtime for activating conversational agent applications",
        "display_name": "Agent Activation Runtime_35b28a"
    },
    {
        "name": "BcastDVRUserService_35b28a",
        "description": "This user service is used for Game Recordings and Live Broadcasts",
        "display_name": "GameDVR and Broadcast User Service_35b28a"
    },
    {
        "name": "BluetoothUserService_35b28a",
        "description": "The Bluetooth user service supports proper functionality of Bluetooth features relevant to each user session.",
        "display_name": "Bluetooth User Support Service_35b28a"
    },
    {
        "name": "CaptureService_35b28a",
        "description": "Enables optional screen capture functionality for applications that call the Windows.Graphics.Capture API.",
        "display_name": "CaptureService_35b28a"
    },
    {
        "name": "cbdhsvc_35b28a",
        "description": "This user service is used for Clipboard scenarios",
        "display_name": "Clipboard User Service_35b28a"
    },
    {
        "name": "CDPUserSvc_35b28a",
        "description": "This user service is used for Connected Devices Platform scenarios",
        "display_name": "Connected Devices Platform User Service_35b28a"
    },
    {
        "name": "ConsentUxUserSvc_35b28a",
        "description": "Allows ConnectUX and PC Settings to Connect and Pair with WiFi displays and Bluetooth devices.",
        "display_name": "ConsentUX_35b28a"
    },
    {
        "name": "CredentialEnrollmentManagerUserSvc_35b28a",
        "description": "Credential Enrollment Manager",
        "display_name": "CredentialEnrollmentManagerUserSvc_35b28a"
    },
    {
        "name": "DeviceAssociationBrokerSvc_35b28a",
        "description": "Enables apps to pair devices",
        "display_name": "DeviceAssociationBroker_35b28a"
    },
    {
        "name": "DevicePickerUserSvc_35b28a",
        "description": "This user service is used for managing the Miracast, DLNA, and DIAL UI",
        "display_name": "DevicePicker_35b28a"
    },
    {
        "name": "DevicesFlowUserSvc_35b28a",
        "description": "Allows ConnectUX and PC Settings to Connect and Pair with WiFi displays and Bluetooth devices.",
        "display_name": "DevicesFlow_35b28a"
    },
    {
        "name": "LxssManagerUser_35b28a",
        "description": "The LXSS Manager service supports running native ELF binaries. The service provides the infrastructure necessary for ELF binaries to run on Windows. If the service is stopped or disabled, those binaries will no longer run.",
        "display_name": "LxssManagerUser_35b28a"
    },
    {
        "name": "MessagingService_35b28a",
        "description": "Service supporting text messaging and related functionality.",
        "display_name": "MessagingService_35b28a"
    },
    {
        "name": "OneSyncSvc_35b28a",
        "description": "This service synchronizes mail, contacts, calendar and various other user data. Mail and other applications dependent on this functionality will not work properly when this service is not running.",
        "display_name": "Sync Host_35b28a"
    },
    {
        "name": "PimIndexMaintenanceSvc_35b28a",
        "description": "Indexes contact data for fast contact searching. If you stop or disable this service, contacts might be missing from your search results.",
        "display_name": "Contact Data_35b28a"
    },
    {
        "name": "PrintWorkflowUserSvc_35b28a",
        "description": "Print Workflow",
        "display_name": "PrintWorkflow_35b28a"
    },
    {
        "name": "UnistoreSvc_35b28a",
        "description": "Handles storage of structured user data, including contact info, calendars, messages, and other content. If you stop or disable this service, apps that use this data might not work correctly.",
        "display_name": "User Data Storage_35b28a"
    },
    {
        "name": "UserDataSvc_35b28a",
        "description": "Provides apps access to structured user data, including contact info, calendars, messages, and other content. If you stop or disable this service, apps that use this data might not work correctly.",
        "display_name": "User Data Access_35b28a"
    },
    {
        "name": "WpnUserService_35b28a",
        "description": "This service hosts Windows notification platform which provides support for local and push notifications. Supported notifications are tile, toast and raw.",
        "display_name": "Windows Push Notifications User Service_35b28a"
    },
    {
        "name": "Mesh Agent",
        "description": "Remote monitoring and management service.",
        "display_name": "Mesh Agent background service"
    },
    {
        "name": "salt-minion",
        "description": "Salt Minion from saltstack.com",
        "display_name": "salt-minion"
    },
    {
        "name": "tacticalagent",
        "description": "Tactical RMM Monitoring Agent",
        "display_name": "Tactical RMM Agent"
    }
]