[
  {
    "guid": "6820cb5e-5a7f-4d9b-8c22-d54677e3cc04",
    "filename": "Win_Clear_Firefox_Cache.ps1",
    "submittedBy": "https://github.com/Omnicef",
    "name": "Clear Firefox Cache",
    "description": "This script will clean up Mozilla Firefox for all users.",
    "shell": "powershell",
    "category": "TRMM (Win):Browsers"
  },
  {
    "guid": "3ff6a386-11d1-4f9d-8cca-1b0563bb6443",
    "filename": "Win_Clear_Google_Chrome_Cache.ps1",
    "submittedBy": "https://github.com/Omnicef",
    "name": "Clear Google Chrome Cache",
    "description": "This script will clean up Google Chrome for all users.",
    "shell": "powershell",
    "category": "TRMM (Win):Browsers"
  },
  {
    "guid": "be1de837-f677-4ac5-aa0c-37a0fc9991fc",
    "filename": "Win_Install_Adobe_Reader.ps1",
    "submittedBy": "https://github.com/Omnicef",
    "name": "Install Adobe Reader DC",
    "description": "Installs Adobe Reader DC.",
    "shell": "powershell",
    "category": "TRMM (Win):3rd Party Software>Chocolatey"
  },
  {
    "guid": "2ee134d5-76aa-4160-b334-a1efbc62079f",
    "filename": "Win_Install_Duplicati.ps1",
    "submittedBy": "https://github.com/Omnicef",
    "name": "Install Duplicati",
    "description": "This script installs Duplicati 2.0.5.1 as a service.",
    "shell": "powershell",
    "category": "TRMM (Win):3rd Party Software"
  },
  {
    "guid": "81cc5bcb-01bf-4b0c-89b9-0ac0f3fe0c04",
    "filename": "Win_Reset_Windows_Update.ps1",
    "submittedBy": "https://github.com/Omnicef",
    "name": "Reset Windows Update",
    "description": "This script will reset all of the Windows Updates components to DEFAULT SETTINGS.",
    "shell": "powershell",
    "category": "TRMM (Win):Updates"
  },
  {
    "guid": "8db87ff0-a9b4-4d9d-bc55-377bbcb85b6d",
    "filename": "Win_Start_Cleanup.ps1",
    "submittedBy": "https://github.com/Omnicef",
    "name": "Cleanup C: drive",
    "description": "Cleans the C: drive's Window Temperary files, Windows SoftwareDistribution folder, the local users Temperary folder, IIS logs (if applicable) and empties the recycling bin. All deleted files will go into a log transcript in $env:TEMP. By default this script leaves files that are newer than 7 days old however this variable can be edited.",
    "shell": "powershell",
    "category": "TRMM (Win):Other"
  },
  {
    "guid": "2f28e8c1-ae0f-4b46-a826-f513974526a3",
    "filename": "Win_Defender_FullScan_Background.ps1",
    "submittedBy": "https://github.com/Omnicef",
    "name": "Windows Defender Full Scan",
    "description": "Runs a Windows Defender Full background scan.",
    "shell": "powershell",
    "category": "TRMM (Win):Security>Antivirus"
  },
  {
    "guid": "adf81ddb-3b77-415c-a89b-2ccc826b5aa7",
    "filename": "Win_Defender_QuickScan_Background.ps1",
    "submittedBy": "https://github.com/Omnicef",
    "name": "Windows Defender Quick Scan",
    "description": "Runs a Quick Scan using Windows Defender in the Background.",
    "shell": "powershell",
    "category": "TRMM (Win):Security>Antivirus"
  },
  {
    "guid": "3c46290b-85db-4cd2-93a2-943c8c93b3b1",
    "filename": "Speedtest.py",
    "submittedBy": "https://github.com/wh1te909",
    "name": "Speed Test",
    "description": "Runs a Speed Test using Python",
    "shell": "python",
    "category": "TRMM (Win):Network"
  },
  {
    "guid": "9d34f482-1f0c-4b2f-b65f-a9cf3c13ef5f",
    "filename": "Win_Rename_Installed_App.ps1",
    "submittedBy": "https://github.com/bradhawkins85",
    "name": "Rename Tactical RMM Agent",
    "description": "Updates the DisplayName registry entry for the Tactical RMM windows agent to your desired name. This script takes 1 required argument: the name you wish to set.",
    "shell": "powershell",
    "category": "TRMM (Win):TacticalRMM Related"
  },
  {
    "guid": "525ae965-1dcf-4c17-92b3-5da3cf6819f5",
    "filename": "Win_Bitlocker_Encrypted_Drive_c.ps1",
    "submittedBy": "https://github.com/ThatsNASt",
    "name": "Check C Drive for Bitlocker Status",
    "description": "Runs a check on drive C for Bitlocker status.",
    "shell": "powershell",
    "category": "TRMM (Win):Storage"
  },
  {
    "guid": "2ea35fa2-c227-4d17-a40e-4d39f252e27a",
    "filename": "Win_Bitlocker_Create_Status_Report.ps1",
    "submittedBy": "https://github.com/ThatsNASt",
    "name": "Create Bitlocker Status Report",
    "description": "Creates a Bitlocker status report.",
    "shell": "powershell",
    "category": "TRMM (Win):Storage"
  },
  {
    "guid": "9e5769c1-3873-4941-bf70-e851e0afbd6d",
    "filename": "Win_Bitlocker_Retrieve_Status_Report.ps1",
    "submittedBy": "https://github.com/ThatsNASt",
    "name": "Retreive Bitlocker Status Report",
    "description": "Retreives a Bitlocker status report.",
    "shell": "powershell",
    "category": "TRMM (Win):Storage"
  },
  {
    "guid": "cfa14c28-4dfc-4d4e-95ee-a380652e058d",
    "filename": "Win_Bios_Check.ps1",
    "submittedBy": "https://github.com/ThatsNASt",
    "name": "Check BIOS Information",
    "description": "Retreives and reports on BIOS make, version, and date.",
    "shell": "powershell",
    "category": "TRMM (Win):Hardware"
  },
  {
    "guid": "95a2ee6f-b89b-4551-856e-3081b041caa7",
    "filename": "Win_Reset_High_Performance_Power_Profile_to_Defaults.ps1",
    "submittedBy": "https://github.com/azulskyknight",
    "name": "Reset High Perf Power Profile",
    "description": "Resets monitor, disk, standby, and hibernate timers in the default High Performance power profile to their default values. It also re-indexes the AC and DC power profiles into their default order.",
    "shell": "powershell",
    "category": "TRMM (Win):Power"
  },
  {
    "guid": "2cbd30b0-84dd-4388-a36d-2e2e980f1a3e",
    "filename": "Win_Set_High_Performance_Power_Profile.ps1",
    "submittedBy": "https://github.com/azulskyknight",
    "name": "Set High Perf Power Profile",
    "description": "Sets the High Performance Power profile to the active power profile. Use this to keep machines from falling asleep.",
    "shell": "powershell",
    "category": "TRMM (Win):Power"
  },
  {
    "guid": "553236d3-81bc-49f4-af8a-0cff925a7f6d",
    "filename": "Win_10_Upgrade.ps1",
    "submittedBy": "https://github.com/RVL-Solutions and https://github.com/darimm",
    "name": "Windows 10 Upgrade",
    "description": "Forces an upgrade to the latest release of Windows 10.",
    "shell": "powershell",
    "category": "TRMM (Win):Updates"
  },
  {
    "guid": "375323e5-cac6-4f35-a304-bb7cef35902d",
    "filename": "Win_Disk_Status.ps1",
    "submittedBy": "https://github.com/dinger1986",
    "name": "Check Disk Hardware Health (using Event Viewer errors)",
    "description": "Checks local disks for errors reported in event viewer within the last 24 hours",
    "shell": "powershell",
    "category": "TRMM (Win):Hardware"
  },
  {
    "guid": "7c14beb4-d1c3-41aa-8e70-92a267d6e080",
    "filename": "Win_Duplicati_Status.ps1",
    "submittedBy": "https://github.com/dinger1986",
    "name": "Check Duplicati",
    "description": "Checks Duplicati Backup is running properly over the last 24 hours",
    "shell": "powershell",
    "category": "TRMM (Win):3rd Party Software"
  },
  {
    "guid": "da51111c-aff6-4d87-9d76-0608e1f67fe5",
    "filename": "Win_Defender_Enable.ps1",
    "submittedBy": "https://github.com/dinger1986",
    "name": "Enable Windows Defender",
    "description": "Enables Windows Defender and sets preferences",
    "shell": "powershell",
    "category": "TRMM (Win):Security>Antivirus"
  },
  {
    "guid": "a223d03a-e22e-40e0-94f2-92dd8c481d14",
    "filename": "Win_Open_SSH_Server_Install.ps1",
    "submittedBy": "https://github.com/dinger1986",
    "name": "Install SSH",
    "description": "Installs and enabled OpenSSH Server",
    "shell": "powershell",
    "category": "TRMM (Win):Windows Features"
  },
  {
    "guid": "2435297a-6263-4e90-8688-1847400d0e22",
    "filename": "Win_RDP_enable.bat",
    "submittedBy": "https://github.com/dinger1986",
    "name": "Enable RDP",
    "description": "Enables RDP",
    "shell": "cmd",
    "category": "TRMM (Win):Windows Features"
  },
  {
    "guid": "24f19ead-fdfe-46b4-9dcb-4cd0e12a3940",
    "filename": "Win_Speedtest.ps1",
    "submittedBy": "https://github.com/dinger1986",
    "name": "Speed Test Powershell",
    "description": "Speed Test with Powershell(win 10 or server2016+)",
    "shell": "powershell",
    "category": "TRMM (Win):Network"
  },
  {
    "guid": "a821975c-60df-4d58-8990-6cf8a55b4ee0",
    "filename": "Win_Sync_Time.bat",
    "submittedBy": "https://github.com/dinger1986",
    "name": "Sync DC Time",
    "description": "Syncs time with domain controller",
    "shell": "cmd",
    "category": "TRMM (Win):Active Directory"
  },
  {
    "guid": "b720e320-7755-4c89-9992-e1a6c43699ed",
    "filename": "Win_Defender_Clear_Logs.ps1",
    "submittedBy": "https://github.com/dinger1986",
    "name": "Clear Defender Logs",
    "description": "Clears Windows Defender Logs",
    "shell": "powershell",
    "category": "TRMM (Win):Security>Antivirus"
  },
  {
    "guid": "d980fda3-a068-47eb-8495-1aab07a24e64",
    "filename": "Win_Defender_Status.ps1",
    "submittedBy": "https://github.com/dinger1986",
    "name": "Defender Status",
    "description": "This will check for Malware, Antispyware, that Windows Defender is Healthy, last scan etc within the last 24 hours",
    "shell": "powershell",
    "category": "TRMM (Win):Security>Antivirus"
  },
  {
    "guid": "9956e936-6fdb-4488-a9d8-8b274658037f",
    "filename": "Win_Disable_Fast_Startup.bat",
    "submittedBy": "https://github.com/dinger1986",
    "name": "Disable Fast Startup",
    "description": "Disables Faststartup on Windows 10",
    "shell": "cmd",
    "category": "TRMM (Win):Power"
  },
  {
    "guid": "2472bbaf-1941-4722-8a58-d1dd0f528801",
    "filename": "Win_Update_Tactical_Exclusion.ps1",
    "submittedBy": "https://github.com/dinger1986",
    "name": "TRMM Defender Exclusions",
    "description": "Windows Defender Exclusions for Tactical RMM",
    "shell": "powershell",
    "category": "TRMM (Win):Security>Antivirus"
  },
  {
    "guid": "b253dc76-41a0-48ca-9cea-bee4277402c4",
    "filename": "Win_Display_Message_To_User.ps1",
    "submittedBy": "https://github.com/bradhawkins85",
    "name": "Display Message To User",
    "description": "Displays a popup message to the currently logged on user",
    "shell": "powershell",
    "category": "TRMM (Win):Other"
  },
  {
    "guid": "19224d21-bd39-44bc-b9cf-8f1ba3ca9c11",
    "filename": "Win_Antivirus_Verify.ps1",
    "submittedBy": "https://github.com/beejayzed",
    "name": "Verify Antivirus Status",
    "description": "Verify and display status for all installed Antiviruses",
    "shell": "powershell",
    "category": "TRMM (Win):Security>Antivirus"
  },
  {
    "guid": "f88c5c52-c6fe-44db-b727-b7912a4279ed",
    "filename": "Win_Create_All_User_Logon_Script.ps1",
    "submittedBy": "https://github.com/nr-plaxon",
    "name": "Create User Logon Script",
    "description": "Creates a powershell script that runs at logon of any user on the machine in the security context of the user.",
    "shell": "powershell",
    "category": "TRMM (Win):Other"
  },
  {
    "guid": "5615aa90-0272-427b-8acf-0ca019612501",
    "filename": "Win_Chocolatey_Update_Installed.bat",
    "submittedBy": "https://github.com/silversword411",
    "name": "Chocolatey Update Installed Apps",
    "description": "Update all apps that were installed using Chocolatey.",
    "shell": "cmd",
    "category": "TRMM (Win):3rd Party Software>Chocolatey"
  },
  {
    "guid": "fff8024d-d72e-4457-84fa-6c780f69a16f",
    "filename": "Win_AD_Check_And_Enable_AD_Recycle_Bin.ps1",
    "submittedBy": "https://github.com/silversword411",
    "name": "AD - Check and Enable AD Recycle Bin",
    "description": "Only run on Domain Controllers, checks for Active Directory Recycle Bin and enables if not already enabled",
    "shell": "powershell",
    "category": "TRMM (Win):Active Directory"
  },
  {
    "guid": "71090fc4-faa6-460b-adb0-95d7863544e1",
    "filename": "Win_Check_Events_for_Bluescreens.ps1",
    "submittedBy": "https://github.com/dinger1986",
    "name": "Event Viewer - Check for Bluescreens",
    "description": "This will check for Bluescreen events on your system",
    "shell": "powershell",
    "category": "TRMM (Win):Monitoring"
  },
  {
    "guid": "5d905886-9eb1-4129-8b81-a013f842eb24",
    "filename": "Win_Rename_Computer.ps1",
    "submittedBy": "https://github.com/silversword411",
    "name": "Rename Computer",
    "description": "Rename computer. First parameter will be new PC name. 2nd parameter if yes will auto-reboot machine",
    "shell": "powershell",
    "category": "TRMM (Win):Other",
    "default_timeout": 30
  },
  {
    "guid": "f396dae2-c768-45c5-bd6c-176e56ed3614",
    "filename": "Win_Finish_updates_and_restart.ps1",
    "submittedBy": "https://github.com/tremor021",
    "name": "Finish updates and restart",
    "description": "Finish installing updates and restart PC",
    "shell": "powershell",
    "category": "TRMM (Win):Other"
  },
  {
    "guid": "63f89be0-a9c9-4c61-9b55-bce0b28b90b2",
    "filename": "Win_Finish_updates_and_shutdown.ps1",
    "submittedBy": "https://github.com/tremor021",
    "name": "Finish updates and shutdown",
    "description": "Finish installing updates and shutdown PC",
    "shell": "powershell",
    "category": "TRMM (Win):Other"
  },
  {
    "guid": "e09895d5-ca13-44a2-a38c-6e77c740f0e8",
    "filename": "Win_ScreenConnectAIO.ps1",
    "submittedBy": "https://github.com/bradhawkins85",
    "name": "ScreenConnect AIO",
    "description": "Install, Uninstall, Start and Stop ScreenConnect Access Agent",
    "args": [
      "-serviceName {{client.ScreenConnectService}}",
      "-url {{client.ScreenConnectInstaller}}",
      "-action install"
    ],
    "default_timeout": "90",
    "shell": "powershell",
    "category": "TRMM (Win):3rd Party Software"
  },
  {
    "guid": "3abbb62a-3757-492c-8979-b4fc6174845d",
    "filename": "Win_Disable_AutoRun.bat",
    "submittedBy": "https://github.com/silversword411",
    "name": "Disable Autorun",
    "description": "Disable Autorun System Wide",
    "shell": "cmd",
    "category": "TRMM (Win):Other",
    "default_timeout": "30"
  },
  {
    "guid": "4a11877a-7555-494c-ac74-29d6df3c1989",
    "filename": "Win_Disable_Cortana.bat",
    "submittedBy": "https://github.com/silversword411",
    "name": "Disable Cortana",
    "description": "Disable Cortana System Wide",
    "shell": "cmd",
    "category": "TRMM (Win):Other",
    "default_timeout": "30"
  },
  {
    "guid": "28ef1387-dd4f-4bab-b042-26250914e370",
    "filename": "Win_WOL_Enable_Status.ps1",
    "submittedBy": "https://github.com/silversword411",
    "name": "WoL - Enable function",
    "description": "Wake on Lan enable on Dell, HP, Lenovo",
    "shell": "powershell",
    "category": "TRMM (Win):Network",
    "default_timeout": "90"
  },
  {
    "guid": "685d5432-0b84-46d5-98e8-3ec2054150fe",
    "filename": "Win_WOL_Test_State.ps1",
    "submittedBy": "https://github.com/silversword411",
    "name": "WoL - Test State",
    "description": "Wake on Lan test status",
    "shell": "powershell",
    "category": "TRMM (Win):Network",
    "default_timeout": "90"
  },
  {
    "guid": "6ce5682a-49db-4c0b-9417-609cf905ac43",
    "filename": "Win_Win10_Change_Key_and_Activate.ps1",
    "submittedBy": "https://github.com/silversword411",
    "name": "Change Win10 Product Key and Activate",
    "description": "Insert new product key and Activate. Requires 1 parameter the product key you want to use",
    "shell": "powershell",
    "category": "TRMM (Win):Other",
    "default_timeout": "90"
  },
  {
    "guid": "83f6c6ea-6120-4fd3-bec8-d3abc505dcdf",
    "filename": "Win_TRMM_Start_Menu_Delete_Shortcut.ps1",
    "submittedBy": "https://github.com/silversword411",
    "name": "TRMM Delete Start Menu Shortcut for App",
    "description": "Tactical RMM delete its application shortcut that's installed in the start menu",
    "shell": "powershell",
    "category": "TRMM (Win):TacticalRMM Related",
    "default_timeout": "10"
  },
  {
    "guid": "60130fca-7636-446e-acd7-cc5d29d609c2",
    "filename": "Win_Firewall_Check_Status.ps1",
    "submittedBy": "https://github.com/dinger1986",
    "name": "Windows Firewall - Check Status",
    "description": "Windows Firewall - Check state, report status",
    "shell": "powershell",
    "category": "TRMM (Win):Network"
  },
  {
    "guid": "93379675-c01c-433f-87df-a11597c959f0",
    "filename": "Win_UAC_Check_Status.ps1",
    "submittedBy": "https://github.com/dinger1986",
    "name": "Windows UAC - Check Status",
    "description": "Windows UAC - Report status",
    "shell": "powershell",
    "category": "TRMM (Win):Security"
  },
  {
    "guid": "7ea6a11a-05c0-4151-b5c1-cb8af029299f",
    "filename": "Win_AzureAD_Check_Connection_Status.ps1",
    "submittedBy": "https://github.com/dinger1986",
    "name": "Azure AD - Check Status",
    "description": "Azure AD - Check if joined or not",
    "shell": "powershell",
    "category": "TRMM (Win):Azure>AD"
  }
]